{
  "version": 1,
  "author": "Anonymous maker",
  "editor": "wokwi",
  "parts": [
    { "type": "wokwi-arduino-mega", "id": "mega", "top": 69.73, "left": 165.95, "attrs": {} },
    {
      "type": "wokwi-membrane-keypad",
      "id": "keypad1",
      "top": -284.87,
      "left": 235.96,
      "attrs": {}
    },
    { "type": "wokwi-ssd1306", "id": "oled1", "top": 397.83, "left": 321.3, "attrs": {} }
  ],
  "connections": [
    [ "oled1:GND", "mega:GND.3", "black", [ "v0" ] ],
    [ "oled1:VIN", "mega:5V", "red", [ "v0" ] ],
    [ "oled1:DATA", "mega:20", "green", [ "v0" ] ],
    [ "oled1:CLK", "mega:21", "green", [ "v0" ] ],
    [ "keypad1:C4", "mega:2", "yellow", [ "v0" ] ],
    [ "keypad1:C3", "mega:3", "yellow", [ "v0" ] ],
    [ "keypad1:C2", "mega:4", "yellow", [ "v0" ] ],
    [ "keypad1:C1", "mega:5", "yellow", [ "v0" ] ],
    [ "keypad1:R4", "mega:6", "blue", [ "v0" ] ],
    [ "keypad1:R3", "mega:7", "blue", [ "v0" ] ],
    [ "keypad1:R2", "mega:8", "blue", [ "v0" ] ],
    [ "keypad1:R1", "mega:9", "blue", [ "v0" ] ]
  ]
}